SecuCode,Cur_TradingDay,updatetime,Ltg,preLtg,pre_cp,net0
sh600007,20230811,20230810,10.07282534,10.07282534,19.81,807.54588183
sh600009,20230811,20230810,24.8848134,24.8848134,47.83,807.54588183
sh600030,20230811,20230810,122.00469974,122.00469974,25.2,807.54588183
sh600031,20230811,20230810,84.86602087,84.86602087,16.5,807.54588183
sh600036,20230811,20230810,206.28944429,206.28944429,34.14,807.54588183
sh600038,20230811,20230810,5.89476716,5.89476716,39.75,807.54588183
sh600056,20230811,20230810,14.95879748,14.95879748,13.24,807.54588183
sh600072,20230811,20230810,7.36249883,7.36249883,22.53,807.54588183
sh600081,20230811,20230810,4.47276315,4.47276315,10.75,807.54588183
sh600088,20230811,20230810,3.977064,3.977064,13.9,807.54588183
sh600096,20230811,20230810,18.34328747,18.34328747,18.19,807.54588183
sh600104,20230811,20230810,116.83461365,116.83461365,15.23,807.54588183
sh600109,20230811,20230810,37.2435931,37.2435931,10.56,807.54588183
sh600111,20230811,20230810,36.15065842,36.15065842,24.8,807.54588183
sh600132,20230811,20230810,4.83971198,4.83971198,90.05,807.54588183
sh600138,20230811,20230810,7.2384,7.2384,13.49,807.54588183
sh600141,20230811,20230810,11.11674796,11.11674796,23.19,807.54588183
sh600148,20230811,20230810,1.4151645,1.4151645,15.27,807.54588183
sh600150,20230811,20230810,44.72428758,44.72428758,29.39,807.54588183
sh600153,20230811,20230810,30.0517103,30.0517103,11.08,807.54588183
sh600184,20230811,20230810,5.08760826,5.08760826,12.65,807.54588183
sh600188,20230811,20230810,45.9204072,45.9204072,18.1,807.54588183
sh600196,20230811,20230810,21.20216111,21.20216111,29.81,807.54588183
sh600201,20230811,20230810,11.20369226,11.20369226,10.15,807.54588183
sh600206,20230811,20230810,8.46553332,8.46553332,13,807.54588183
sh600213,20230811,20230810,2.86,2.86,10.29,807.54588183
sh600216,20230811,20230810,9.64975,9.64975,11.04,807.54588183
sh600230,20230811,20230810,4.16144936,4.16144936,15.3,807.54588183
sh600259,20230811,20230810,3.3643591,3.3643591,37.65,807.54588183
sh600262,20230811,20230810,1.7,1.7,18.99,807.54588183
sh600271,20230811,20230810,18.52884638,18.52884638,13.51,807.54588183
sh600283,20230811,20230810,3.52995758,3.52995758,14.61,807.54588183
sh600288,20230811,20230810,4.368,4.368,10.71,807.54588183
sh600301,20230811,20230810,6.32567479,6.32567479,17.02,807.54588183
sh600305,20230811,20230810,11.12956032,11.12956032,11.12,807.54588183
sh600309,20230811,20230810,31.39746626,31.39746626,96.75,807.54588183
sh600312,20230811,20230810,13.56921309,13.56921309,11.76,807.54588183
sh600330,20230811,20230810,12.33434416,12.33434416,10.28,807.54588183
sh600338,20230811,20230810,9.14210168,9.14210168,17.71,807.54588183
sh600343,20230811,20230810,6.38206348,6.38206348,10.41,807.54588183
sh600345,20230811,20230810,1.98,1.98,19.6,807.54588183
sh600367,20230811,20230810,2.932366,2.932366,13.94,807.54588183
sh600378,20230811,20230810,9.11473807,9.11473807,38.27,807.54588183
sh600379,20230811,20230810,3.30201564,3.30201564,10.21,807.54588183
sh600388,20230811,20230810,10.81094891,10.81094891,17.23,807.54588183
sh600389,20230811,20230810,4.4348337,4.4348337,24.49,807.54588183
sh600392,20230811,20230810,17.5282657,17.5282657,12.73,807.54588183
sh600418,20230811,20230810,21.84009791,21.84009791,14.25,807.54588183
sh600435,20230811,20230810,14.98138483,14.98138483,10.5,807.54588183
sh600438,20230811,20230810,45.01967811,45.01967811,35.2,807.54588183
sh600446,20230811,20230810,9.40815005,9.40815005,14.98,807.54588183
sh600449,20230811,20230810,4.78181042,4.78181042,16.27,807.54588183
sh600456,20230811,20230810,4.77777539,4.77777539,33.33,807.54588183
sh600460,20230811,20230810,14.16071845,14.16071845,29.74,807.54588183
sh600476,20230811,20230810,1.6107,1.6107,16.45,807.54588183
sh600481,20230811,20230810,18.70661251,18.70661251,11.33,807.54588183
sh600487,20230811,20230810,24.66734657,24.66734657,14.64,807.54588183
sh600501,20230811,20230810,4.319286,4.319286,13.85,807.54588183
sh600508,20230811,20230810,7.22718,7.22718,14.36,807.54588183
sh600511,20230811,20230810,7.54502998,7.54502998,32.55,807.54588183
sh600519,20230811,20230810,12.561978,12.561978,1875,807.54588183
sh600520,20230811,20230810,1.5843,1.5843,13.67,807.54588183
sh600551,20230811,20230810,4.84325171,4.84325171,11.16,807.54588183
sh600560,20230811,20230810,2.236455,2.236455,13.08,807.54588183
sh600563,20230811,20230810,2.25,2.25,135.6,807.54588183
sh600571,20230811,20230810,4.66795809,4.66795809,10.58,807.54588183
sh600580,20230811,20230810,13.11366126,13.11366126,12.53,807.54588183
sh600585,20230811,20230810,39.99702579,39.99702579,25.91,807.54588183
sh600588,20230811,20230810,34.33121989,34.33121989,19.32,807.54588183
sh600593,20230811,20230810,1.288,1.288,15.98,807.54588183
sh600596,20230811,20230810,11.4574654,11.4574654,11.29,807.54588183
sh600598,20230811,20230810,17.77679909,17.77679909,14.33,807.54588183
sh600610,20230811,20230810,7.10914605,7.10914605,13.27,807.54588183
sh600621,20230811,20230810,10.60899292,10.60899292,13.15,807.54588183
sh600633,20230811,20230810,12.65730523,12.65730523,14.14,807.54588183
sh600636,20230811,20230810,4.40449035,4.40449035,11.22,807.54588183
sh600639,20230811,20230810,8.50236703,8.50236703,13.13,807.54588183
sh600663,20230811,20230810,37.12195457,37.12195457,10.78,807.54588183
sh600694,20230811,20230810,2.93718653,2.93718653,19.2,807.54588183
sh600699,20230811,20230810,14.08701543,14.08701543,18.78,807.54588183
sh600703,20230811,20230810,49.89018727,49.89018727,16.71,807.54588183
sh600706,20230811,20230810,2.55059785,2.55059785,17.1,807.54588183
sh600720,20230811,20230810,7.76290282,7.76290282,11.48,807.54588183
sh600739,20230811,20230810,15.29709816,15.29709816,14.56,807.54588183
sh600745,20230811,20230810,12.42808624,12.42808624,47.33,807.54588183
sh600749,20230811,20230810,2.26965517,2.26965517,13.14,807.54588183
sh600753,20230811,20230810,2.30307175,2.30307175,10.28,807.54588183
sh600756,20230811,20230810,3.24098753,3.24098753,15.3,807.54588183
sh600763,20230811,20230810,3.2064,3.2064,111.81,807.54588183
sh600766,20230811,20230810,2.24226822,2.24226822,12.2,807.54588183
sh600773,20230811,20230810,8.19660744,8.19660744,13.7,807.54588183
sh600776,20230811,20230810,9.56000064,9.56000064,11.88,807.54588183
sh600779,20230811,20230810,4.88361398,4.88361398,70.46,807.54588183
sh600785,20230811,20230810,2.2563128,2.2563128,14.91,807.54588183
sh600803,20230811,20230810,30.98397607,30.98397607,19.25,807.54588183
sh600818,20230811,20230810,2.3795791,2.3795791,16.31,807.54588183
sh600833,20230811,20230810,2.23086347,2.23086347,12.11,807.54588183
sh600835,20230811,20230810,8.065043,8.065043,15.74,807.54588183
sh600837,20230811,20230810,96.5463118,96.5463118,10.89,807.54588183
sh600850,20230811,20230810,6.85074346,6.85074346,22.92,807.54588183
sh600855,20230811,20230810,4.77977475,4.77977475,12.14,807.54588183
sh600859,20230811,20230810,11.35049451,11.35049451,23.04,807.54588183
sh600860,20230811,20230810,4.42265988,4.42265988,14.55,807.54588183
sh600876,20230811,20230810,3.95674963,3.95674963,16.17,807.54588183
sh600882,20230811,20230810,5.13791647,5.13791647,22.27,807.54588183
sh600884,20230811,20230810,22.63973358,22.63973358,15.12,807.54588183
sh600886,20230811,20230810,74.54179797,74.54179797,13.08,807.54588183
sh600893,20230811,20230810,26.65594238,26.65594238,39.91,807.54588183
sh600895,20230811,20230810,15.4868955,15.4868955,15.88,807.54588183
sh600900,20230811,20230810,244.68217716,244.68217716,22.09,807.54588183
sh600916,20230811,20230810,16.8,16.8,11.93,807.54588183
sh600927,20230811,20230810,14.55555556,14.55555556,18.59,807.54588183
sh600958,20230811,20230810,74.69482864,74.69482864,11.21,807.54588183
sh600962,20230811,20230810,2.6221,2.6221,11.62,807.54588183
sh600977,20230811,20230810,18.67,18.67,15.78,807.54588183
sh600980,20230811,20230810,1.89263526,1.89263526,15.3,807.54588183
sh600985,20230811,20230810,24.810384,24.810384,12.19,807.54588183
sh600992,20230811,20230810,2.4509,2.4509,18.69,807.54588183
sh600999,20230811,20230810,74.22005272,74.22005272,15.51,807.54588183
sh601012,20230811,20230810,75.81402179,75.81402179,30.21,807.54588183
sh601022,20230811,20230810,13.08633334,13.08633334,10.75,807.54588183
sh601028,20230811,20230810,7.8302576,7.8302576,10.9,807.54588183
sh601038,20230811,20230810,7.31705275,7.31705275,11.51,807.54588183
sh601059,20230811,20230810,32.43,32.43,19.79,807.54588183
sh601065,20230811,20230810,6.42776079,6.42776079,12.3,807.54588183
sh601066,20230811,20230810,64.95671035,64.95671035,27.92,807.54588183
sh601069,20230811,20230810,9.22853531,9.22853531,14.75,807.54588183
sh601116,20230811,20230810,5.476784,5.476784,12.62,807.54588183
sh601127,20230811,20230810,15.07370567,15.07370567,39.68,807.54588183
sh601133,20230811,20230810,5.225,5.225,14.89,807.54588183
sh601136,20230811,20230810,27.333338,27.333338,24.97,807.54588183
sh601155,20230811,20230810,22.55622856,22.55622856,15.57,807.54588183
sh601156,20230811,20230810,15.87555556,15.87555556,13.37,807.54588183
sh601166,20230811,20230810,207.74280606,207.74280606,16.44,807.54588183
sh601168,20230811,20230810,23.83,23.83,12.45,807.54588183
sh601186,20230811,20230810,115.032455,115.032455,10.4,807.54588183
sh601211,20230811,20230810,75.12783636,75.12783636,15.9,807.54588183
sh601318,20230811,20230810,107.62657695,107.62657695,51.36,807.54588183
sh601360,20230811,20230810,71.45363197,71.45363197,11.69,807.54588183
sh601456,20230811,20230810,23.89133168,23.89133168,11.63,807.54588183
sh601566,20230811,20230810,5.7463715,5.7463715,10.45,807.54588183
sh601595,20230811,20230810,4.482,4.482,24.71,807.54588183
sh601601,20230811,20230810,68.45041455,68.45041455,29.72,807.54588183
sh601606,20230811,20230810,7.242284,7.242284,13.46,807.54588183
sh601615,20230811,20230810,22.71983706,22.71983706,17.79,807.54588183
sh601688,20230811,20230810,73.56543347,73.56543347,17.98,807.54588183
sh601696,20230811,20230810,27.78,27.78,12.35,807.54588183
sh601699,20230811,20230810,29.914092,29.914092,16.29,807.54588183
sh601788,20230811,20230810,39.06698839,39.06698839,19.5,807.54588183
sh601811,20230811,20230810,7.919039,7.919039,13.87,807.54588183
sh601838,20230811,20230810,38.13911068,38.13911068,13.97,807.54588183
sh601858,20230811,20230810,7.905,7.905,27.88,807.54588183
sh601869,20230811,20230810,4.06338314,4.06338314,33.06,807.54588183
sh601878,20230811,20230810,38.78190132,38.78190132,11.59,807.54588183
sh601881,20230811,20230810,66.97377379,66.97377379,13.36,807.54588183
sh601882,20230811,20230810,5.22,5.22,30.61,807.54588183
sh601888,20230811,20230810,19.52475544,19.52475544,122.62,807.54588183
sh601900,20230811,20230810,8.95876566,8.95876566,18.37,807.54588183
sh601928,20230811,20230810,25.449,25.449,10.38,807.54588183
sh601949,20230811,20230810,19.03968054,19.03968054,10.3,807.54588183
sh601952,20230811,20230810,13.78,13.78,12.72,807.54588183
sh601958,20230811,20230810,32.266044,32.266044,12.01,807.54588183
sh601966,20230811,20230810,14.73522713,14.73522713,23.98,807.54588183
sh601995,20230811,20230810,29.2354244,29.2354244,43.77,807.54588183
sh603000,20230811,20230810,11.05691056,11.05691056,29.9,807.54588183
sh603005,20230811,20230810,6.53212346,6.53212346,21.15,807.54588183
sh603006,20230811,20230810,2.5425425,2.5425425,11.08,807.54588183
sh603013,20230811,20230810,5.12634266,5.12634266,14.55,807.54588183
sh603017,20230811,20230810,2.75905778,2.75905778,11.09,807.54588183
sh603019,20230811,20230810,14.63578974,14.63578974,42.2,807.54588183
sh603026,20230811,20230810,2.0268,2.0268,60.7,807.54588183
sh603029,20230811,20230810,1.21342,1.21342,21.01,807.54588183
sh603032,20230811,20230810,2.354562,2.354562,27.8,807.54588183
sh603039,20230811,20230810,2.60603073,2.60603073,72.1,807.54588183
sh603042,20230811,20230810,1.6058984,1.6058984,15.89,807.54588183
sh603048,20230811,20230810,1.4688,1.4688,16.53,807.54588183
sh603050,20230811,20230810,2.2709414,2.2709414,15.32,807.54588183
sh603052,20230811,20230810,0.9632,0.9632,29.41,807.54588183
sh603061,20230811,20230810,0.6,0.6,96.44,807.54588183
sh603065,20230811,20230810,4.18967572,4.18967572,14.36,807.54588183
sh603066,20230811,20230810,3.007029,3.007029,10.66,807.54588183
sh603068,20230811,20230810,1.50424966,1.50424966,28.02,807.54588183
sh603070,20230811,20230810,4.01,4.01,17.54,807.54588183
sh603073,20230811,20230810,1.16,1.16,19.32,807.54588183
sh603078,20230811,20230810,3.85637248,3.85637248,15.87,807.54588183
sh603083,20230811,20230810,2.68104941,2.68104941,48.39,807.54588183
sh603090,20230811,20230810,1,1,21.7,807.54588183
sh603096,20230811,20230810,1.62503585,1.62503585,19.43,807.54588183
sh603097,20230811,20230810,1.6,1.6,21.48,807.54588183
sh603099,20230811,20230810,2.6667,2.6667,13.21,807.54588183
sh603109,20230811,20230810,2.089332,2.089332,16.49,807.54588183
sh603110,20230811,20230810,2.01226732,2.01226732,28.59,807.54588183
sh603118,20230811,20230810,7.91171661,7.91171661,11.09,807.54588183
sh603125,20230811,20230810,1.9255,1.9255,31.18,807.54588183
sh603127,20230811,20230810,6.30893493,6.30893493,28.28,807.54588183
sh603130,20230811,20230810,1.4,1.4,23.45,807.54588183
sh603131,20230811,20230810,3.17985045,3.17985045,12.9,807.54588183
sh603132,20230811,20230810,9.78,9.78,13.17,807.54588183
sh603135,20230811,20230810,4.5,4.5,19.25,807.54588183
sh603136,20230811,20230810,1.86294283,1.86294283,24.14,807.54588183
sh603137,20230811,20230810,1.30666667,1.30666667,20.24,807.54588183
sh603153,20230811,20230810,4.09861106,4.09861106,17.9,807.54588183
sh603160,20230811,20230810,4.57993141,4.57993141,55.4,807.54588183
sh603161,20230811,20230810,1.334,1.334,15.22,807.54588183
sh603163,20230811,20230810,1,1,37.83,807.54588183
sh603170,20230811,20230810,4.0001,4.0001,20.06,807.54588183
sh603172,20230811,20230810,1.3338,1.3338,17.64,807.54588183
sh603173,20230811,20230810,1.6,1.6,28.52,807.54588183
sh603178,20230811,20230810,2.36411881,2.36411881,11.15,807.54588183
sh603179,20230811,20230810,4.87301971,4.87301971,52.7,807.54588183
sh603185,20230811,20230810,5.77814545,5.77814545,49.89,807.54588183
sh603187,20230811,20230810,3.86446461,3.86446461,18.28,807.54588183
sh603189,20230811,20230810,2.69548349,2.69548349,14.29,807.54588183
sh603190,20230811,20230810,1.2,1.2,28.42,807.54588183
sh603191,20230811,20230810,3.33167407,3.33167407,18.74,807.54588183
sh603196,20230811,20230810,2.38680652,2.38680652,19.57,807.54588183
sh603199,20230811,20230810,1.1068,1.1068,31.98,807.54588183
sh603206,20230811,20230810,3.05199988,3.05199988,17.26,807.54588183
sh603208,20230811,20230810,1.77172674,1.77172674,39.37,807.54588183
sh603211,20230811,20230810,2.71808,2.71808,14.64,807.54588183
sh603212,20230811,20230810,4.40048736,4.40048736,18.56,807.54588183
sh603218,20230811,20230810,10.3102,10.3102,17.24,807.54588183
sh603220,20230811,20230810,3.36368576,3.36368576,16.56,807.54588183
sh603229,20230811,20230810,5.93069389,5.93069389,14.15,807.54588183
sh603230,20230811,20230810,3.53523,3.53523,12.49,807.54588183
sh603232,20230811,20230810,2.33308566,2.33308566,14.29,807.54588183
sh603236,20230811,20230810,2.64574906,2.64574906,52.96,807.54588183
sh603237,20230811,20230810,1.438402,1.438402,29.46,807.54588183
sh603258,20230811,20230810,2.447681,2.447681,32.9,807.54588183
sh603259,20230811,20230810,25.65904495,25.65904495,78.9,807.54588183
sh603260,20230811,20230810,11.82206941,11.82206941,69.1,807.54588183
sh603267,20230811,20230810,2.321168,2.321168,61.49,807.54588183
sh603278,20230811,20230810,2.89813114,2.89813114,12.3,807.54588183
sh603280,20230811,20230810,1.08406667,1.08406667,23.8,807.54588183
sh603281,20230811,20230810,3.73333334,3.73333334,30.8,807.54588183
sh603286,20230811,20230810,0.88076,0.88076,17.57,807.54588183
sh603288,20230811,20230810,55.60600544,55.60600544,46.1,807.54588183
sh603290,20230811,20230810,1.7080118,1.7080118,209.98,807.54588183
sh603291,20230811,20230810,4.23220604,4.23220604,17.66,807.54588183
sh603306,20230811,20230810,3.25281052,3.25281052,28.07,807.54588183
sh603307,20230811,20230810,0.67,0.67,48.29,807.54588183
sh603309,20230811,20230810,2.93322218,2.93322218,12.78,807.54588183
sh603317,20230811,20230810,10.65574914,10.65574914,15.22,807.54588183
sh603319,20230811,20230810,2.08066462,2.08066462,16.65,807.54588183
sh603322,20230811,20230810,1.57719,1.57719,23.9,807.54588183
sh603327,20230811,20230810,6.7769,6.7769,12.61,807.54588183
sh603348,20230811,20230810,2.63550675,2.63550675,47.35,807.54588183
sh603355,20230811,20230810,5.73888879,5.73888879,27.85,807.54588183
sh603356,20230811,20230810,1.3334,1.3334,13.32,807.54588183
sh603357,20230811,20230810,5.60975445,5.60975445,10.02,807.54588183
sh603360,20230811,20230810,3.60460991,3.60460991,10.9,807.54588183
sh603383,20230811,20230810,1.71217266,1.71217266,70.6,807.54588183
sh603386,20230811,20230810,3.2632256,3.2632256,10.68,807.54588183
sh603387,20230811,20230810,5.07153517,5.07153517,12.16,807.54588183
sh603388,20230811,20230810,3.25733572,3.25733572,10.46,807.54588183
sh603393,20230811,20230810,4.23921327,4.23921327,27.05,807.54588183
sh603396,20230811,20230810,1.16149042,1.16149042,59.12,807.54588183
sh603398,20230811,20230810,3.42634507,3.42634507,22.19,807.54588183
sh603399,20230811,20230810,5.18650649,5.18650649,11.43,807.54588183
sh603421,20230811,20230810,6.52190511,6.52190511,10.4,807.54588183
sh603429,20230811,20230810,5.24485465,5.24485465,10.72,807.54588183
sh603439,20230811,20230810,4.09862216,4.09862216,15.97,807.54588183
sh603456,20230811,20230810,8.99492328,8.99492328,28.85,807.54588183
sh603466,20230811,20230810,5.94774319,5.94774319,13.35,807.54588183
sh603486,20230811,20230810,5.76864534,5.76864534,76.02,807.54588183
sh603496,20230811,20230810,3.20209243,3.20209243,18.39,807.54588183
sh603501,20230811,20230810,11.82541071,11.82541071,103.38,807.54588183
sh603507,20230811,20230810,1.42030934,1.42030934,28.66,807.54588183
sh603508,20230811,20230810,3.81274377,3.81274377,16.21,807.54588183
sh603515,20230811,20230810,7.46426035,7.46426035,19.66,807.54588183
sh603517,20230811,20230810,6.31238701,6.31238701,37.15,807.54588183
sh603520,20230811,20230810,3.42514501,3.42514501,15.06,807.54588183
sh603529,20230811,20230810,8.61924006,8.61924006,34.47,807.54588183
sh603530,20230811,20230810,4.32263327,4.32263327,15.35,807.54588183
sh603533,20230811,20230810,4.38896835,4.38896835,23.2,807.54588183
sh603538,20230811,20230810,2.13404715,2.13404715,17.67,807.54588183
sh603567,20230811,20230810,9.41963592,9.41963592,13.76,807.54588183
sh603569,20230811,20230810,5.60349223,5.60349223,12.88,807.54588183
sh603578,20230811,20230810,1.80357032,1.80357032,15.19,807.54588183
sh603583,20230811,20230810,3.84633055,3.84633055,19.73,807.54588183
sh603595,20230811,20230810,2.32442326,2.32442326,36,807.54588183
sh603598,20230811,20230810,2.678629,2.678629,10.1,807.54588183
sh603605,20230811,20230810,3.96928545,3.96928545,110.14,807.54588183
sh603606,20230811,20230810,6.87715368,6.87715368,42.36,807.54588183
sh603613,20230811,20230810,7.22333313,7.22333313,40.97,807.54588183
sh603628,20230811,20230810,2.738,2.738,14.69,807.54588183
sh603629,20230811,20230810,2.548,2.548,22.39,807.54588183
sh603630,20230811,20230810,2.2520458,2.2520458,15.62,807.54588183
sh603650,20230811,20230810,5.95062991,5.95062991,30.39,807.54588183
sh603656,20230811,20230810,1.83375358,1.83375358,12.34,807.54588183
sh603662,20230811,20230810,2.83235792,2.83235792,27.65,807.54588183
sh603666,20230811,20230810,2.06490816,2.06490816,35.88,807.54588183
sh603686,20230811,20230810,4.15655737,4.15655737,10.16,807.54588183
sh603688,20230811,20230810,3.61277126,3.61277126,91.73,807.54588183
sh603693,20230811,20230810,8.9147588,8.9147588,12.68,807.54588183
sh603707,20230811,20230810,16.16648684,16.16648684,13.57,807.54588183
sh603716,20230811,20230810,2.02100979,2.02100979,13.21,807.54588183
sh603721,20230811,20230810,1.3,1.3,17.4,807.54588183
sh603727,20230811,20230810,2.81719277,2.81719277,13.48,807.54588183
sh603737,20230811,20230810,5.27012481,5.27012481,79.47,807.54588183
sh603767,20230811,20230810,3.07445,3.07445,12.09,807.54588183
sh603773,20230811,20230810,1.71182564,1.71182564,29.6,807.54588183
sh603777,20230811,20230810,3.36559908,3.36559908,14.56,807.54588183
sh603788,20230811,20230810,2.23065068,2.23065068,12.29,807.54588183
sh603798,20230811,20230810,2.59180689,2.59180689,10.37,807.54588183
sh603799,20230811,20230810,16.99465419,16.99465419,51.46,807.54588183
sh603825,20230811,20230810,2.53336552,2.53336552,12.91,807.54588183
sh603829,20230811,20230810,1.6,1.6,14.72,807.54588183
sh603848,20230811,20230810,4.01,4.01,15.23,807.54588183
sh603860,20230811,20230810,0.6668,0.6668,28.04,807.54588183
sh603869,20230811,20230810,5.04500508,5.04500508,10.58,807.54588183
sh603877,20230811,20230810,4.73929106,4.73929106,19.58,807.54588183
sh603881,20230811,20230810,4.60498076,4.60498076,22.94,807.54588183
sh603888,20230811,20230810,5.1902936,5.1902936,28.5,807.54588183
sh603893,20230811,20230810,4.179114,4.179114,73.62,807.54588183
sh603897,20230811,20230810,2.06435681,2.06435681,18.88,807.54588183
sh603906,20230811,20230810,5.65078903,5.65078903,15.46,807.54588183
sh603908,20230811,20230810,0.6669,0.6669,42.88,807.54588183
sh603916,20230811,20230810,4.20310413,4.20310413,13.66,807.54588183
sh603917,20230811,20230810,1.568,1.568,21.62,807.54588183
sh603918,20230811,20230810,3.67759038,3.67759038,24.88,807.54588183
sh603929,20230811,20230810,2.1336,2.1336,15.95,807.54588183
sh603931,20230811,20230810,1.9955838,1.9955838,27.92,807.54588183
sh603933,20230811,20230810,2.105082,2.105082,16.95,807.54588183
sh603936,20230811,20230810,6.38023104,6.38023104,11.75,807.54588183
sh603960,20230811,20230810,2.631835,2.631835,16.41,807.54588183
sh603982,20230811,20230810,2.62920109,2.62920109,14.86,807.54588183
sh603983,20230811,20230810,4.01,4.01,28.82,807.54588183
sh603988,20230811,20230810,2.352,2.352,10.21,807.54588183
sh603990,20230811,20230810,3.06282731,3.06282731,15.73,807.54588183
sh605009,20230811,20230810,1.55226949,1.55226949,43.63,807.54588183
sh605011,20230811,20230810,4.001,4.001,30.58,807.54588183
sh605028,20230811,20230810,1.6,1.6,19.36,807.54588183
sh605058,20230811,20230810,1.4292395,1.4292395,21,807.54588183
sh605077,20230811,20230810,2.284576,2.284576,25.51,807.54588183
sh605089,20230811,20230810,1.38,1.38,43.07,807.54588183
sh605090,20230811,20230810,6.25414024,6.25414024,23.75,807.54588183
sh605108,20230811,20230810,2.6,2.6,33.4,807.54588183
sh605111,20230811,20230810,2.98204073,2.98204073,39.8,807.54588183
sh605117,20230811,20230810,4.3008084,4.3008084,112.42,807.54588183
sh605118,20230811,20230810,4.073209,4.073209,14.56,807.54588183
sh605136,20230811,20230810,4.004585,4.004585,11.55,807.54588183
sh605178,20230811,20230810,0.992516,0.992516,21.57,807.54588183
sh605188,20230811,20230810,4.9558,4.9558,10.28,807.54588183
sh605199,20230811,20230810,4.00108752,4.00108752,15.22,807.54588183
sh605228,20230811,20230810,4.2488,4.2488,10.01,807.54588183
sh605258,20230811,20230810,0.88,0.88,24.85,807.54588183
sh605277,20230811,20230810,2.64498935,2.64498935,13.8,807.54588183
sh605305,20230811,20230810,1.518,1.518,30.21,807.54588183
sh605333,20230811,20230810,4.36776081,4.36776081,14.21,807.54588183
sh605358,20230811,20230810,6.76852411,6.76852411,37.61,807.54588183
sh605369,20230811,20230810,1.1262712,1.1262712,55,807.54588183
sh605389,20230811,20230810,1.3626676,1.3626676,26.07,807.54588183
sh605398,20230811,20230810,1.16616489,1.16616489,26.37,807.54588183
sh605399,20230811,20230810,3.123289,3.123289,16.14,807.54588183
sh605580,20230811,20230810,2.8,2.8,11.93,807.54588183
sh605588,20230811,20230810,0.73099561,0.73099561,39.58,807.54588183
sh605598,20230811,20230810,1.75543467,1.75543467,45.45,807.54588183
sh688287,20230811,20230810,2.3751,2.3751,10.8,807.54588183
sz000001,20230811,20230810,194.05918198,194.05918198,12.16,807.54588183
sz000002,20230811,20230810,97.24196533,97.24196533,14.75,807.54588183
sz000004,20230811,20230810,1.32380282,1.32380282,18.69,807.54588183
sz000009,20230811,20230810,25.79213965,25.79213965,11.19,807.54588183
sz000011,20230811,20230810,5.28373849,5.28373849,10.31,807.54588183
sz000021,20230811,20230810,15.60587588,15.60587588,18.06,807.54588183
sz000034,20230811,20230810,6.6923458,6.6923458,28.07,807.54588183
sz000037,20230811,20230810,3.3890815,3.3890815,10.34,807.54588183
sz000049,20230811,20230810,2.99386862,2.99386862,34.42,807.54588183
sz000062,20230811,20230810,10.45909322,10.45909322,11.78,807.54588183
sz000065,20230811,20230810,10.01763516,10.01763516,16.93,807.54588183
sz000151,20230811,20230810,3.37370728,3.37370728,12.47,807.54588183
sz000338,20230811,20230810,67.83516821,67.83516821,12.79,807.54588183
sz000408,20230811,20230810,15.80435073,15.80435073,24.25,807.54588183
sz000411,20230811,20230810,5.0545972,5.0545972,12.78,807.54588183
sz000422,20230811,20230810,10.57866712,10.57866712,12.32,807.54588183
sz000519,20230811,20230810,13.92558982,13.92558982,17.2,807.54588183
sz000524,20230811,20230810,6.70208597,6.70208597,10.92,807.54588183
sz000526,20230811,20230810,1.22124709,1.22124709,26.99,807.54588183
sz000532,20230811,20230810,3.4470834,3.4470834,11.86,807.54588183
sz000555,20230811,20230810,9.83653713,9.83653713,12.31,807.54588183
sz000581,20230811,20230810,8.30199793,8.30199793,17.13,807.54588183
sz000610,20230811,20230810,2.36747901,2.36747901,17.35,807.54588183
sz000625,20230811,20230810,82.77708223,82.77708223,14.96,807.54588183
sz000651,20230811,20230810,56.31405741,56.31405741,36.55,807.54588183
sz000657,20230811,20230810,13.97508114,13.97508114,10.08,807.54588183
sz000672,20230811,20230810,9.6939545,9.6939545,10,807.54588183
sz000681,20230811,20230810,7.00577436,7.00577436,17.1,807.54588183
sz000710,20230811,20230810,3.54605865,3.54605865,10.94,807.54588183
sz000719,20230811,20230810,10.23203749,10.23203749,12.37,807.54588183
sz000721,20230811,20230810,5.73914308,5.73914308,14.12,807.54588183
sz000722,20230811,20230810,4.64158282,4.64158282,11.88,807.54588183
sz000736,20230811,20230810,6.95433689,6.95433689,14.86,807.54588183
sz000756,20230811,20230810,4.79682835,4.79682835,21.92,807.54588183
sz000762,20230811,20230810,5.2117124,5.2117124,30.23,807.54588183
sz000768,20230811,20230810,27.81740071,27.81740071,25.06,807.54588183
sz000779,20230811,20230810,3.80095146,3.80095146,11.4,807.54588183
sz000799,20230811,20230810,3.2492898,3.2492898,102.87,807.54588183
sz000815,20230811,20230810,6.95263035,6.95263035,11.52,807.54588183
sz000818,20230811,20230810,6.79156,6.79156,32.84,807.54588183
sz000819,20230811,20230810,3.08081255,3.08081255,19.76,807.54588183
sz000821,20230811,20230810,6.22874778,6.22874778,18.19,807.54588183
sz000830,20230811,20230810,19.22577011,19.22577011,10.25,807.54588183
sz000837,20230811,20230810,10.09883039,10.09883039,12.91,807.54588183
sz000858,20230811,20230810,38.81608005,38.81608005,176.31,807.54588183
sz000860,20230811,20230810,7.41766989,7.41766989,27.6,807.54588183
sz000880,20230811,20230810,3.313206,3.313206,10.4,807.54588183
sz000885,20230811,20230810,6.42078255,6.42078255,12.45,807.54588183
sz000887,20230811,20230810,13.16489747,13.16489747,13.03,807.54588183
sz000888,20230811,20230810,5.26913102,5.26913102,10.86,807.54588183
sz000895,20230811,20230810,34.64661213,34.64661213,25.43,807.54588183
sz000911,20230811,20230810,4.00319818,4.00319818,10.01,807.54588183
sz000915,20230811,20230810,2.34331485,2.34331485,34.25,807.54588183
sz000935,20230811,20230810,7.63440333,7.63440333,18.21,807.54588183
sz000936,20230811,20230810,8.86012887,8.86012887,10.65,807.54588183
sz000938,20230811,20230810,28.60079874,28.60079874,27.27,807.54588183
sz000948,20230811,20230810,3.94360697,3.94360697,20.56,807.54588183
sz000957,20230811,20230810,5.92903936,5.92903936,11.13,807.54588183
sz000962,20230811,20230810,4.45826444,4.45826444,13.13,807.54588183
sz000977,20230811,20230810,14.72135122,14.72135122,47.49,807.54588183
sz000988,20230811,20230810,10.05502707,10.05502707,34.03,807.54588183
sz000993,20230811,20230810,4.57951455,4.57951455,10.75,807.54588183
sz001203,20230811,20230810,15.08021588,15.08021588,11.35,807.54588183
sz001207,20230811,20230810,2.02421464,2.02421464,15.91,807.54588183
sz001209,20230811,20230810,1.3152272,1.3152272,16.49,807.54588183
sz001210,20230811,20230810,1.08897692,1.08897692,22.4,807.54588183
sz001212,20230811,20230810,1.17871,1.17871,25.35,807.54588183
sz001223,20230811,20230810,0.6668,0.6668,78.68,807.54588183
sz001225,20230811,20230810,0.646668,0.646668,44.53,807.54588183
sz001228,20230811,20230810,1.03864609,1.03864609,39.65,807.54588183
sz001260,20230811,20230810,1.15,1.15,21.13,807.54588183
sz001266,20230811,20230810,1.03416,1.03416,26.67,807.54588183
sz001278,20230811,20230810,1.237334,1.237334,21.94,807.54588183
sz001287,20230811,20230810,7.59900097,7.59900097,26.34,807.54588183
sz001289,20230811,20230810,50.41934164,50.41934164,19.76,807.54588183
sz001298,20230811,20230810,1.392,1.392,23.23,807.54588183
sz001301,20230811,20230810,2.597746,2.597746,59.42,807.54588183
sz001308,20230811,20230810,6.80203875,6.80203875,25.28,807.54588183
sz001309,20230811,20230810,1.1224752,1.1224752,74.4,807.54588183
sz001311,20230811,20230810,1.83733334,1.83733334,50.68,807.54588183
sz001314,20230811,20230810,1.419991,1.419991,39.5,807.54588183
sz001317,20230811,20230810,0.8004,0.8004,37,807.54588183
sz001318,20230811,20230810,2.8266,2.8266,14.59,807.54588183
sz001328,20230811,20230810,1.721738,1.721738,35.21,807.54588183
sz001337,20230811,20230810,4.2,4.2,32.53,807.54588183
sz001338,20230811,20230810,5.01730834,5.01730834,17.63,807.54588183
sz001339,20230811,20230810,2.49157,2.49157,26.63,807.54588183
sz001360,20230811,20230810,2.04,2.04,18.13,807.54588183
sz001366,20230811,20230810,1.6068,1.6068,16.39,807.54588183
sz001367,20230811,20230810,0.68,0.68,50.09,807.54588183
sz001368,20230811,20230810,1.12,1.12,25.56,807.54588183
sz001872,20230811,20230810,23.19179231,23.19179231,16.49,807.54588183
sz002008,20230811,20230810,10.52185125,10.52185125,24.34,807.54588183
sz002009,20230811,20230810,3.80641934,3.80641934,12.76,807.54588183
sz002030,20230811,20230810,14.03446032,14.03446032,10,807.54588183
sz002036,20230811,20230810,10.68851596,10.68851596,10.71,807.54588183
sz002039,20230811,20230810,4.27558126,4.27558126,13.96,807.54588183
sz002041,20230811,20230810,8.8,8.8,16.19,807.54588183
sz002043,20230811,20230810,8.39806372,8.39806372,10.93,807.54588183
sz002045,20230811,20230810,4.68383913,4.68383913,13.61,807.54588183
sz002049,20230811,20230810,8.49618566,8.49618566,92.7,807.54588183
sz002053,20230811,20230810,9.20729464,9.20729464,11.35,807.54588183
sz002056,20230811,20230810,16.26712074,16.26712074,17.28,807.54588183
sz002066,20230811,20230810,2.31,2.31,11.61,807.54588183
sz002077,20230811,20230810,5.80348513,5.80348513,15.41,807.54588183
sz002079,20230811,20230810,8.07886616,8.07886616,12.47,807.54588183
sz002080,20230811,20230810,16.78123584,16.78123584,22.06,807.54588183
sz002090,20230811,20230810,4.04264936,4.04264936,11.39,807.54588183
sz002095,20230811,20230810,2.5272,2.5272,22.21,807.54588183
sz002101,20230811,20230810,5.28878866,5.28878866,18.28,807.54588183
sz002112,20230811,20230810,2.6208,2.6208,11.63,807.54588183
sz002116,20230811,20230810,4.28220696,4.28220696,12.41,807.54588183
sz002119,20230811,20230810,3.75284,3.75284,12.6,807.54588183
sz002123,20230811,20230810,8.0219628,8.0219628,15.6,807.54588183
sz002125,20230811,20230810,6.29481713,6.29481713,11.86,807.54588183
sz002129,20230811,20230810,40.42443902,40.42443902,28.83,807.54588183
sz002139,20230811,20230810,12.69535372,12.69535372,11.65,807.54588183
sz002150,20230811,20230810,3.56517053,3.56517053,16.1,807.54588183
sz002151,20230811,20230810,5.44159258,5.44159258,32.3,807.54588183
sz002153,20230811,20230810,27.29193841,27.29193841,13.92,807.54588183
sz002159,20230811,20230810,1.77301325,1.77301325,15.98,807.54588183
sz002163,20230811,20230810,8.44957867,8.44957867,10.25,807.54588183
sz002176,20230811,20230810,17.06325581,17.06325581,11.28,807.54588183
sz002184,20230811,20230810,3.5190837,3.5190837,14.26,807.54588183
sz002186,20230811,20230810,3.08463955,3.08463955,13.23,807.54588183
sz002189,20230811,20230810,2.61726953,2.61726953,15.67,807.54588183
sz002190,20230811,20230810,3.58729343,3.58729343,21.93,807.54588183
sz002192,20230811,20230810,2.59655203,2.59655203,60.32,807.54588183
sz002197,20230811,20230810,6.14362928,6.14362928,10.62,807.54588183
sz002205,20230811,20230810,1.85843228,1.85843228,11.03,807.54588183
sz002213,20230811,20230810,2.36,2.36,14.47,807.54588183
sz002222,20230811,20230810,4.275,4.275,25.53,807.54588183
sz002229,20230811,20230810,4.98344263,4.98344263,34.5,807.54588183
sz002232,20230811,20230810,4.08548455,4.08548455,15.17,807.54588183
sz002234,20230811,20230810,3.48960212,3.48960212,18.47,807.54588183
sz002240,20230811,20230810,9.21785872,9.21785872,26.99,807.54588183
sz002241,20230811,20230810,34.204032,34.204032,17.72,807.54588183
sz002242,20230811,20230810,7.67017,7.67017,15.34,807.54588183
sz002245,20230811,20230810,11.52046537,11.52046537,10.83,807.54588183
sz002253,20230811,20230810,2.25626095,2.25626095,13.89,807.54588183
sz002261,20230811,20230810,12.53855174,12.53855174,16.16,807.54588183
sz002265,20230811,20230810,10.33040407,10.33040407,13.25,807.54588183
sz002268,20230811,20230810,8.45876603,8.45876603,27.08,807.54588183
sz002270,20230811,20230810,8.96225431,8.96225431,12.15,807.54588183
sz002271,20230811,20230810,25.18464191,25.18464191,29.7,807.54588183
sz002275,20230811,20230810,5.875686,5.875686,15.59,807.54588183
sz002281,20230811,20230810,7.95011952,7.95011952,29.75,807.54588183
sz002290,20230811,20230810,2.4811233,2.4811233,11.79,807.54588183
sz002291,20230811,20230810,9.30658687,9.30658687,11.83,807.54588183
sz002294,20230811,20230810,11.14816535,11.14816535,27.65,807.54588183
sz002304,20230811,20230810,15.06988,15.06988,142.2,807.54588183
sz002315,20230811,20230810,3.11297197,3.11297197,32.77,807.54588183
sz002317,20230811,20230810,8.53350477,8.53350477,16.25,807.54588183
sz002326,20230811,20230810,9.13760795,9.13760795,14.91,807.54588183
sz002334,20230811,20230810,7.9529331,7.9529331,10.75,807.54588183
sz002335,20230811,20230810,4.61567391,4.61567391,34.7,807.54588183
sz002336,20230811,20230810,4.4,4.4,16.5,807.54588183
sz002349,20230811,20230810,8.14180908,8.14180908,10.34,807.54588183
sz002351,20230811,20230810,8.89107,8.89107,17.33,807.54588183
sz002362,20230811,20230810,2.44454646,2.44454646,24.76,807.54588183
sz002365,20230811,20230810,2.946825,2.946825,10.58,807.54588183
sz002380,20230811,20230810,2.39991649,2.39991649,19.48,807.54588183
sz002395,20230811,20230810,2.68209,2.68209,10.67,807.54588183
sz002396,20230811,20230810,5.92929678,5.92929678,20.8,807.54588183
sz002401,20230811,20230810,3.7190456,3.7190456,21.96,807.54588183
sz002402,20230811,20230810,9.31940685,9.31940685,16.04,807.54588183
sz002407,20230811,20230810,10.7121062,10.7121062,18.39,807.54588183
sz002410,20230811,20230810,16.64869506,16.64869506,30.86,807.54588183
sz002430,20230811,20230810,9.84545375,9.84545375,33.69,807.54588183
sz002432,20230811,20230810,4.84594772,4.84594772,35.3,807.54588183
sz002438,20230811,20230810,5.07537461,5.07537461,11.33,807.54588183
sz002441,20230811,20230810,5.44543609,5.44543609,10.27,807.54588183
sz002459,20230811,20230810,33.10350606,33.10350606,31.05,807.54588183
sz002460,20230811,20230810,16.13593699,16.13593699,57.46,807.54588183
sz002462,20230811,20230810,2.9170712,2.9170712,13.85,807.54588183
sz002463,20230811,20230810,19.05065676,19.05065676,21.74,807.54588183
sz002466,20230811,20230810,14.77099383,14.77099383,65.28,807.54588183
sz002468,20230811,20230810,15.30802166,15.30802166,11.29,807.54588183
sz002487,20230811,20230810,6.37749349,6.37749349,29.36,807.54588183
sz002493,20230811,20230810,101.25525,101.25525,12.72,807.54588183
sz002497,20230811,20230810,11.5256252,11.5256252,17.95,807.54588183
sz002511,20230811,20230810,13.345503,13.345503,10.86,807.54588183
sz002527,20230811,20230810,6.64216041,6.64216041,10.98,807.54588183
sz002529,20230811,20230810,2.6,2.6,13.42,807.54588183
sz002534,20230811,20230810,7.39202803,7.39202803,14.65,807.54588183
sz002536,20230811,20230810,5.00711814,5.00711814,13.01,807.54588183
sz002549,20230811,20230810,7.14197901,7.14197901,11.6,807.54588183
sz002552,20230811,20230810,4.27960242,4.27960242,18.35,807.54588183
sz002553,20230811,20230810,3.48,3.48,13.38,807.54588183
sz002558,20230811,20230810,20.04937008,20.04937008,13.99,807.54588183
sz002568,20230811,20230810,10.49690955,10.49690955,35.35,807.54588183
sz002576,20230811,20230810,1.651,1.651,17.02,807.54588183
sz002577,20230811,20230810,2.8288,2.8288,14.11,807.54588183
sz002581,20230811,20230810,6.59735586,6.59735586,17.92,807.54588183
sz002585,20230811,20230810,11.56278085,11.56278085,10.5,807.54588183
sz002590,20230811,20230810,4.79646926,4.79646926,11.01,807.54588183
sz002594,20230811,20230810,18.13142855,18.13142855,262.7,807.54588183
sz002597,20230811,20230810,5.60932077,5.60932077,23.49,807.54588183
sz002598,20230811,20230810,3.12,3.12,10.69,807.54588183
sz002603,20230811,20230810,16.70705376,16.70705376,24.03,807.54588183
sz002623,20230811,20230810,1.990625,1.990625,27.14,807.54588183
sz002624,20230811,20230810,19.39968404,19.39968404,14.68,807.54588183
sz002635,20230811,20230810,6.72437087,6.72437087,13.37,807.54588183
sz002645,20230811,20230810,5.81518931,5.81518931,10.45,807.54588183
sz002653,20230811,20230810,11.1411797,11.1411797,20.57,807.54588183
sz002655,20230811,20230810,3.65704,3.65704,12.04,807.54588183
sz002657,20230811,20230810,3.37576686,3.37576686,17.42,807.54588183
sz002661,20230811,20230810,3.33074342,3.33074342,10.86,807.54588183
sz002664,20230811,20230810,4.04907,4.04907,13.54,807.54588183
sz002667,20230811,20230810,2.43222,2.43222,14.27,807.54588183
sz002677,20230811,20230810,6.46051647,6.46051647,10.83,807.54588183
sz002679,20230811,20230810,2.35756,2.35756,13.17,807.54588183
sz002703,20230811,20230810,5.72859637,5.72859637,15.49,807.54588183
sz002719,20230811,20230810,1.74139457,1.74139457,13.54,807.54588183
sz002722,20230811,20230810,2.06572918,2.06572918,13.52,807.54588183
sz002729,20230811,20230810,1.8296992,1.8296992,20.26,807.54588183
sz002733,20230811,20230810,3.84214913,3.84214913,15.95,807.54588183
sz002735,20230811,20230810,3.07316772,3.07316772,13.15,807.54588183
sz002736,20230811,20230810,96.12429377,96.12429377,10.24,807.54588183
sz002738,20230811,20230810,7.13201316,7.13201316,43.26,807.54588183
sz002739,20230811,20230810,21.7936881,21.7936881,14.29,807.54588183
sz002747,20230811,20230810,8.69531453,8.69531453,22.6,807.54588183
sz002756,20230811,20230810,5.3910154,5.3910154,53.02,807.54588183
sz002757,20230811,20230810,2.95455913,2.95455913,13.96,807.54588183
sz002758,20230811,20230810,5.22515799,5.22515799,12.24,807.54588183
sz002759,20230811,20230810,4.08552567,4.08552567,13.44,807.54588183
sz002761,20230811,20230810,10.81340098,10.81340098,15.84,807.54588183
sz002771,20230811,20230810,2.097641,2.097641,16.39,807.54588183
sz002773,20230811,20230810,9.19463954,9.19463954,15.59,807.54588183
sz002777,20230811,20230810,4.08231038,4.08231038,30.58,807.54588183
sz002782,20230811,20230810,4.90318413,4.90318413,13.09,807.54588183
sz002785,20230811,20230810,2.0115,2.0115,23.46,807.54588183
sz002791,20230811,20230810,3.2154,3.2154,62.48,807.54588183
sz002792,20230811,20230810,4.02056966,4.02056966,14.91,807.54588183
sz002796,20230811,20230810,2.52426948,2.52426948,10.49,807.54588183
sz002800,20230811,20230810,1.08752191,1.08752191,14.99,807.54588183
sz002803,20230811,20230810,3.78409288,3.78409288,18.39,807.54588183
sz002805,20230811,20230810,2.80062508,2.80062508,18.33,807.54588183
sz002806,20230811,20230810,1.89410836,1.89410836,11.56,807.54588183
sz002810,20230811,20230810,3.4243404,3.4243404,18.51,807.54588183
sz002813,20230811,20230810,1.2,1.2,37.33,807.54588183
sz002815,20230811,20230810,10.91752352,10.91752352,11.65,807.54588183
sz002820,20230811,20230810,2.00868295,2.00868295,11.24,807.54588183
sz002824,20230811,20230810,2.79942783,2.79942783,19.92,807.54588183
sz002827,20230811,20230810,2.76,2.76,11.2,807.54588183
sz002833,20230811,20230810,4.2423009,4.2423009,18.44,807.54588183
sz002835,20230811,20230810,2.19493931,2.19493931,17.11,807.54588183
sz002843,20230811,20230810,2.14054,2.14054,18.52,807.54588183
sz002845,20230811,20230810,3.27551705,3.27551705,14.73,807.54588183
sz002846,20230811,20230810,3.36263847,3.36263847,12.65,807.54588183
sz002849,20230811,20230810,2.20634016,2.20634016,14.79,807.54588183
sz002852,20230811,20230810,3.43968305,3.43968305,12.03,807.54588183
sz002861,20230811,20230810,1.55550665,1.55550665,11.57,807.54588183
sz002864,20230811,20230810,0.9692822,0.9692822,35.47,807.54588183
sz002865,20230811,20230810,2.27264094,2.27264094,106.26,807.54588183
sz002866,20230811,20230810,2.89522256,2.89522256,24.05,807.54588183
sz002873,20230811,20230810,2.31808244,2.31808244,11.93,807.54588183
sz002875,20230811,20230810,2.12973672,2.12973672,12.81,807.54588183
sz002877,20230811,20230810,3.32575415,3.32575415,10.17,807.54588183
sz002878,20230811,20230810,2.23170841,2.23170841,16.25,807.54588183
sz002881,20230811,20230810,2.61166984,2.61166984,28.19,807.54588183
sz002882,20230811,20230810,4.329,4.329,14.06,807.54588183
sz002883,20230811,20230810,1.56227282,1.56227282,11.81,807.54588183
sz002885,20230811,20230810,2.72336358,2.72336358,17.78,807.54588183
sz002886,20230811,20230810,2.26573529,2.26573529,17.76,807.54588183
sz002888,20230811,20230810,1.4961168,1.4961168,13.76,807.54588183
sz002889,20230811,20230810,1.929602,1.929602,18.88,807.54588183
sz002892,20230811,20230810,4.44149505,4.44149505,11.7,807.54588183
sz002896,20230811,20230810,1.51171285,1.51171285,33.33,807.54588183
sz002897,20230811,20230810,1.70672,1.70672,37.19,807.54588183
sz002901,20230811,20230810,4.14019506,4.14019506,32.12,807.54588183
sz002902,20230811,20230810,2.1152,2.1152,22.31,807.54588183
sz002903,20230811,20230810,1.52235,1.52235,20.23,807.54588183
sz002905,20230811,20230810,3.7632,3.7632,13.11,807.54588183
sz002906,20230811,20230810,4.773058,4.773058,32.25,807.54588183
sz002907,20230811,20230810,4.17596314,4.17596314,17.85,807.54588183
sz002910,20230811,20230810,1.9521,1.9521,11.86,807.54588183
sz002912,20230811,20230810,1.70752,1.70752,37.55,807.54588183
sz002913,20230811,20230810,3.17360504,3.17360504,33.13,807.54588183
sz002916,20230811,20230810,5.12877535,5.12877535,75.51,807.54588183
sz002917,20230811,20230810,3.47614197,3.47614197,10.23,807.54588183
sz002918,20230811,20230810,4.15179279,4.15179279,18.81,807.54588183
sz002919,20230811,20230810,2.22170055,2.22170055,35.1,807.54588183
sz002920,20230811,20230810,5.55198,5.55198,152.59,807.54588183
sz002921,20230811,20230810,1.30867953,1.30867953,14.59,807.54588183
sz002927,20230811,20230810,2.2319668,2.2319668,12.25,807.54588183
sz002929,20230811,20230810,2.43592007,2.43592007,37.33,807.54588183
sz002932,20230811,20230810,2.32520957,2.32520957,24.67,807.54588183
sz002943,20230811,20230810,1.56,1.56,31.96,807.54588183
sz002949,20230811,20230810,1.96039594,1.96039594,15.48,807.54588183
sz002953,20230811,20230810,3.52202944,3.52202944,11.69,807.54588183
sz002955,20230811,20230810,2.3452472,2.3452472,20.11,807.54588183
sz002957,20230811,20230810,4.1166437,4.1166437,15.79,807.54588183
sz002960,20230811,20230810,7.36819991,7.36819991,17.72,807.54588183
sz002961,20230811,20230810,4.45029311,4.45029311,17.86,807.54588183
sz002962,20230811,20230810,2.93479151,2.93479151,12.38,807.54588183
sz002970,20230811,20230810,1.72896,1.72896,30.27,807.54588183
sz002972,20230811,20230810,2.460088,2.460088,11.62,807.54588183
sz002976,20230811,20230810,1.204782,1.204782,30.93,807.54588183
sz002977,20230811,20230810,1.2012,1.2012,32.34,807.54588183
sz002982,20230811,20230810,1.01881118,1.01881118,35.79,807.54588183
sz002983,20230811,20230810,1.85808,1.85808,23.39,807.54588183
sz002985,20230811,20230810,3.318536,3.318536,39.05,807.54588183
sz002987,20230811,20230810,4.40857573,4.40857573,21.86,807.54588183
sz002989,20230811,20230810,1.81697866,1.81697866,15.08,807.54588183
sz002990,20230811,20230810,2.5804175,2.5804175,32.57,807.54588183
sz002992,20230811,20230810,1.84266065,1.84266065,66.19,807.54588183
sz002995,20230811,20230810,1.7745448,1.7745448,28.31,807.54588183
sz003001,20230811,20230810,1.27330477,1.27330477,16.54,807.54588183
sz003004,20230811,20230810,0.8184,0.8184,26.57,807.54588183
sz003005,20230811,20230810,1.484,1.484,34.5,807.54588183
sz003007,20230811,20230810,1.04,1.04,25.39,807.54588183
sz003009,20230811,20230810,1.55393123,1.55393123,47.4,807.54588183
sz003010,20230811,20230810,1.2169984,1.2169984,20.28,807.54588183
sz003011,20230811,20230810,1.02676,1.02676,25.46,807.54588183
sz003012,20230811,20230810,11.73,11.73,11.1,807.54588183
sz003019,20230811,20230810,1.62584617,1.62584617,18.78,807.54588183
sz003021,20230811,20230810,1.71014978,1.71014978,69.16,807.54588183
sz003022,20230811,20230810,13.35568,13.35568,22.77,807.54588183
sz003023,20230811,20230810,1.053416,1.053416,21.07,807.54588183
sz003025,20230811,20230810,2.36627965,2.36627965,13.99,807.54588183
sz003026,20230811,20230810,1.00633516,1.00633516,38.58,807.54588183
sz003027,20230811,20230810,1.316204,1.316204,19.58,807.54588183
sz003029,20230811,20230810,1.844763,1.844763,25.12,807.54588183
sz003032,20230811,20230810,4.024475,4.024475,13.8,807.54588183
sz003037,20230811,20230810,5.03836583,5.03836583,12.88,807.54588183
sz003038,20230811,20230810,1.46911437,1.46911437,37.47,807.54588183
sz003040,20230811,20230810,4.61135972,4.61135972,18.58,807.54588183
sz003042,20230811,20230810,1.4248,1.4248,20.1,807.54588183
sz003043,20230811,20230810,0.80000062,0.80000062,51.26,807.54588183
sz300007,20230811,20230810,3.26272755,3.26272755,16.55,807.54588183
sz300019,20230811,20230810,3.910647,3.910647,16.43,807.54588183
sz300024,20230811,20230810,15.5021195,15.5021195,12.98,807.54588183
sz300031,20230811,20230810,4.12523242,4.12523242,20.8,807.54588183
sz300035,20230811,20230810,7.23310765,7.23310765,13,807.54588183
sz300046,20230811,20230810,2.37171371,2.37171371,16.63,807.54588183
sz300053,20230811,20230810,6.96874323,6.96874323,11.25,807.54588183
sz300059,20230811,20230810,158.56995052,158.56995052,16.97,807.54588183
sz300075,20230811,20230810,6.20410158,6.20410158,20.07,807.54588183
sz300077,20230811,20230810,5.94841,5.94841,13.45,807.54588183
sz300085,20230811,20230810,7.06640535,7.06640535,14.99,807.54588183
sz300109,20230811,20230810,3.23905337,3.23905337,20.97,807.54588183
sz300125,20230811,20230810,2.65499995,2.65499995,16.58,807.54588183
sz300136,20230811,20230810,9.67568638,9.67568638,18.57,807.54588183
sz300142,20230811,20230810,16.07348484,16.07348484,27.62,807.54588183
sz300166,20230811,20230810,11.52381437,11.52381437,10.17,807.54588183
sz300168,20230811,20230810,14.43191991,14.43191991,10.38,807.54588183
sz300188,20230811,20230810,8.5947731,8.5947731,17.78,807.54588183
sz300191,20230811,20230810,3.2,3.2,19,807.54588183
sz300192,20230811,20230810,3.29143329,3.29143329,11.1,807.54588183
sz300199,20230811,20230810,8.83241336,8.83241336,11.03,807.54588183
sz300204,20230811,20230810,4.75357555,4.75357555,10.16,807.54588183
sz300212,20230811,20230810,6.65814309,6.65814309,31.48,807.54588183
sz300223,20230811,20230810,4.81569911,4.81569911,80.42,807.54588183
sz300224,20230811,20230810,8.20219943,8.20219943,12.45,807.54588183
sz300229,20230811,20230810,7.95291951,7.95291951,20.78,807.54588183
sz300231,20230811,20230810,4.18963349,4.18963349,10.1,807.54588183
sz300233,20230811,20230810,3.85924427,3.85924427,20.2,807.54588183
sz300235,20230811,20230810,2.51746635,2.51746635,11.09,807.54588183
sz300236,20230811,20230810,3.13381402,3.13381402,36.16,807.54588183
sz300238,20230811,20230810,2.65155701,2.65155701,14.17,807.54588183
sz300250,20230811,20230810,2.19989902,2.19989902,15.24,807.54588183
sz300258,20230811,20230810,4.81770753,4.81770753,12.87,807.54588183
sz300260,20230811,20230810,4.07806752,4.07806752,28.36,807.54588183
sz300288,20230811,20230810,3.37941402,3.37941402,16.95,807.54588183
sz300293,20230811,20230810,3.38438106,3.38438106,10.14,807.54588183
sz300295,20230811,20230810,1.90824714,1.90824714,14.46,807.54588183
sz300302,20230811,20230810,4.81702798,4.81702798,13.44,807.54588183
sz300331,20230811,20230810,2.59662286,2.59662286,21.98,807.54588183
sz300339,20230811,20230810,7.96410841,7.96410841,22.92,807.54588183
sz300340,20230811,20230810,2.1357412,2.1357412,12.4,807.54588183
sz300346,20230811,20230810,5.43705838,5.43705838,30.92,807.54588183
sz300348,20230811,20230810,7.30774862,7.30774862,11.3,807.54588183
sz300349,20230811,20230810,4.29054325,4.29054325,13.17,807.54588183
sz300351,20230811,20230810,3.85161857,3.85161857,14.16,807.54588183
sz300353,20230811,20230810,5.33117181,5.33117181,11.23,807.54588183
sz300363,20230811,20230810,5.4612002,5.4612002,29.66,807.54588183
sz300366,20230811,20230810,6.0757615,6.0757615,11.8,807.54588183
sz300369,20230811,20230810,7.99859463,7.99859463,12.52,807.54588183
sz300373,20230811,20230810,5.41451787,5.41451787,41.55,807.54588183
sz300374,20230811,20230810,2.45912337,2.45912337,14.51,807.54588183
sz300378,20230811,20230810,2.6928843,2.6928843,27.5,807.54588183
sz300380,20230811,20230810,1.3976105,1.3976105,32.31,807.54588183
sz300382,20230811,20230810,6.2835857,6.2835857,11.6,807.54588183
sz300383,20230811,20230810,17.97592847,17.97592847,10.52,807.54588183
sz300386,20230811,20230810,4.18044,4.18044,11.57,807.54588183
sz300389,20230811,20230810,3.63427298,3.63427298,15.56,807.54588183
sz300390,20230811,20230810,8.37537178,8.37537178,31.34,807.54588183
sz300393,20230811,20230810,10.89627358,10.89627358,12.45,807.54588183
sz300395,20230811,20230810,5.16014473,5.16014473,43.19,807.54588183
sz300398,20230811,20230810,5.2865616,5.2865616,17.1,807.54588183
sz300399,20230811,20230810,1.976,1.976,17.71,807.54588183
sz300400,20230811,20230810,2.426258,2.426258,15.1,807.54588183
sz300402,20230811,20230810,2.02,2.02,19.71,807.54588183
sz300409,20230811,20230810,5.81666921,5.81666921,12.74,807.54588183
sz300418,20230811,20230810,11.95621204,11.95621204,35.79,807.54588183
sz300424,20230811,20230810,2.398952,2.398952,13.44,807.54588183
sz300428,20230811,20230810,6.25122129,6.25122129,23.99,807.54588183
sz300432,20230811,20230810,12.23471316,12.23471316,10.21,807.54588183
sz300433,20230811,20230810,49.73479998,49.73479998,12.35,807.54588183
sz300434,20230811,20230810,4.01743872,4.01743872,12.41,807.54588183
sz300435,20230811,20230810,3.813831,3.813831,15,807.54588183
sz300436,20230811,20230810,1.59267,1.59267,27.05,807.54588183
sz300437,20230811,20230810,2.59063097,2.59063097,15.43,807.54588183
sz300445,20230811,20230810,2.12430013,2.12430013,14.78,807.54588183
sz300447,20230811,20230810,3.12310375,3.12310375,16.78,807.54588183
sz300455,20230811,20230810,7.17767936,7.17767936,11.13,807.54588183
sz300456,20230811,20230810,7.33497134,7.33497134,20.84,807.54588183
sz300457,20230811,20230810,6.49537963,6.49537963,24.75,807.54588183
sz300458,20230811,20230810,6.31882692,6.31882692,26.27,807.54588183
sz300460,20230811,20230810,2.80804251,2.80804251,10.69,807.54588183
sz300461,20230811,20230810,1.55741692,1.55741692,17.83,807.54588183
sz300462,20230811,20230810,1.88265025,1.88265025,10.97,807.54588183
sz300467,20230811,20230810,2.03204897,2.03204897,15.64,807.54588183
sz300468,20230811,20230810,5.30649275,5.30649275,10.99,807.54588183
sz300470,20230811,20230810,2.08171277,2.08171277,42.94,807.54588183
sz300473,20230811,20230810,1.50447992,1.50447992,16.67,807.54588183
sz300474,20230811,20230810,4.57385191,4.57385191,76.61,807.54588183
sz300479,20230811,20230810,1.97040865,1.97040865,19.87,807.54588183
sz300480,20230811,20230810,3.52070209,3.52070209,21.25,807.54588183
sz300481,20230811,20230810,2.96382447,2.96382447,19.36,807.54588183
sz300482,20230811,20230810,4.44514936,4.44514936,26.46,807.54588183
sz300490,20230811,20230810,3.96212074,3.96212074,14.6,807.54588183
sz300496,20230811,20230810,4.57478344,4.57478344,87.61,807.54588183
sz300499,20230811,20230810,3.08620124,3.08620124,14.08,807.54588183
sz300500,20230811,20230810,1.73974869,1.73974869,19.24,807.54588183
sz300501,20230811,20230810,1.93531505,1.93531505,15.52,807.54588183
sz300502,20230811,20230810,7.09919026,7.09919026,51.76,807.54588183
sz300503,20230811,20230810,3.06072836,3.06072836,15.83,807.54588183
sz300504,20230811,20230810,2.7256688,2.7256688,17.53,807.54588183
sz300505,20230811,20230810,2.74867523,2.74867523,19.15,807.54588183
sz300508,20230811,20230810,1.090944,1.090944,29.96,807.54588183
sz300513,20230811,20230810,3.13691155,3.13691155,13.21,807.54588183
sz300514,20230811,20230810,2,2,12.42,807.54588183
sz300515,20230811,20230810,2.058005,2.058005,13.35,807.54588183
sz300516,20230811,20230810,1.8,1.8,30.01,807.54588183
sz300520,20230811,20230810,2.473857,2.473857,21.32,807.54588183
sz300523,20230811,20230810,2.32637638,2.32637638,22.65,807.54588183
sz300528,20230811,20230810,3.72608054,3.72608054,13.91,807.54588183
sz300529,20230811,20230810,8.07711312,8.07711312,23.4,807.54588183
sz300531,20230811,20230810,3.28226125,3.28226125,14.15,807.54588183
sz300532,20230811,20230810,3.10231301,3.10231301,18.25,807.54588183
sz300533,20230811,20230810,2.3113728,2.3113728,33.36,807.54588183
sz300538,20230811,20230810,1.81918573,1.81918573,14.77,807.54588183
sz300539,20230811,20230810,2.22076725,2.22076725,11.9,807.54588183
sz300540,20230811,20230810,1.60691993,1.60691993,26.19,807.54588183
sz300541,20230811,20230810,3.08429398,3.08429398,14.2,807.54588183
sz300542,20230811,20230810,3.00028059,3.00028059,16.16,807.54588183
sz300545,20230811,20230810,1.77744815,1.77744815,23.35,807.54588183
sz300546,20230811,20230810,1.85524691,1.85524691,19.34,807.54588183
sz300552,20230811,20230810,2.13133112,2.13133112,19.67,807.54588183
sz300554,20230811,20230810,1.14211577,1.14211577,18.38,807.54588183
sz300557,20230811,20230810,0.71586123,0.71586123,36.97,807.54588183
sz300560,20230811,20230810,2.29743622,2.29743622,16.51,807.54588183
sz300561,20230811,20230810,3.28107975,3.28107975,13.46,807.54588183
sz300563,20230811,20230810,1.78192526,1.78192526,13.77,807.54588183
sz300564,20230811,20230810,1.64384,1.64384,12.63,807.54588183
sz300565,20230811,20230810,2.08,2.08,16.46,807.54588183
sz300568,20230811,20230810,12.81682969,12.81682969,16.52,807.54588183
sz300571,20230811,20230810,1.39528294,1.39528294,32.84,807.54588183
sz300576,20230811,20230810,2.46423916,2.46423916,35.4,807.54588183
sz300579,20230811,20230810,2.7,2.7,32.2,807.54588183
sz300582,20230811,20230810,2.98685386,2.98685386,12.98,807.54588183
sz300584,20230811,20230810,1.2,1.2,24.06,807.54588183
sz300585,20230811,20230810,1.71111111,1.71111111,18.4,807.54588183
sz300586,20230811,20230810,7.11216645,7.11216645,11.07,807.54588183
sz300588,20230811,20230810,1.9147103,1.9147103,12.12,807.54588183
sz300590,20230811,20230810,4.5784826,4.5784826,11.17,807.54588183
sz300593,20230811,20230810,5.37935322,5.37935322,19.11,807.54588183
sz300595,20230811,20230810,8.94826637,8.94826637,31.59,807.54588183
sz300598,20230811,20230810,1.64183709,1.64183709,53.05,807.54588183
sz300603,20230811,20230810,4.64798231,4.64798231,12.37,807.54588183
sz300605,20230811,20230810,1.64462984,1.64462984,15.43,807.54588183
sz300608,20230811,20230810,3.27134029,3.27134029,10.27,807.54588183
sz300609,20230811,20230810,1.2243949,1.2243949,23.97,807.54588183
sz300612,20230811,20230810,1.59039975,1.59039975,21.1,807.54588183
sz300613,20230811,20230810,2.30350574,2.30350574,54.09,807.54588183
sz300615,20230811,20230810,1.914282,1.914282,15.45,807.54588183
sz300616,20230811,20230810,1.9786708,1.9786708,20.27,807.54588183
sz300618,20230811,20230810,3.09617139,3.09617139,34.23,807.54588183
sz300619,20230811,20230810,0.89034641,0.89034641,70.99,807.54588183
sz300620,20230811,20230810,2.45310607,2.45310607,45.52,807.54588183
sz300623,20230811,20230810,7.36389956,7.36389956,18.42,807.54588183
sz300628,20230811,20230810,12.64370484,12.64370484,36.95,807.54588183
sz300629,20230811,20230810,2.37488349,2.37488349,17.75,807.54588183
sz300638,20230811,20230810,7.65574282,7.65574282,21.51,807.54588183
sz300643,20230811,20230810,2.3,2.3,12.43,807.54588183
sz300645,20230811,20230810,1.40364054,1.40364054,28.02,807.54588183
sz300653,20230811,20230810,1.8,1.8,32.13,807.54588183
sz300654,20230811,20230810,3.63863206,3.63863206,11.98,807.54588183
sz300655,20230811,20230810,9.94576164,9.94576164,10.62,807.54588183
sz300659,20230811,20230810,2.26379797,2.26379797,24.64,807.54588183
sz300661,20230811,20230810,4.67334771,4.67334771,88.51,807.54588183
sz300663,20230811,20230810,4.62182216,4.62182216,15.12,807.54588183
sz300671,20230811,20230810,2.17724473,2.17724473,38.66,807.54588183
sz300672,20230811,20230810,2.17250112,2.17250112,75.95,807.54588183
sz300674,20230811,20230810,7.10677844,7.10677844,18.84,807.54588183
sz300675,20230811,20230810,1.466667,1.466667,18.01,807.54588183
sz300676,20230811,20230810,4.13914325,4.13914325,60.16,807.54588183
sz300677,20230811,20230810,6.58920418,6.58920418,21.58,807.54588183
sz300678,20230811,20230810,2.96386293,2.96386293,37.63,807.54588183
sz300681,20230811,20230810,2.52095998,2.52095998,19.1,807.54588183
sz300684,20230811,20230810,2.80852507,2.80852507,18.59,807.54588183
sz300686,20230811,20230810,2.6562424,2.6562424,10.4,807.54588183
sz300689,20230811,20230810,1.156,1.156,21.34,807.54588183
sz300691,20230811,20230810,2.67596757,2.67596757,18.52,807.54588183
sz300696,20230811,20230810,2.93152983,2.93152983,22.82,807.54588183
sz300700,20230811,20230810,2.78752645,2.78752645,19.37,807.54588183
sz300706,20230811,20230810,1.52852499,1.52852499,28.36,807.54588183
sz300708,20230811,20230810,5.52182846,5.52182846,11.03,807.54588183
sz300709,20230811,20230810,1.86168147,1.86168147,23.2,807.54588183
sz300711,20230811,20230810,2.49170606,2.49170606,13.45,807.54588183
sz300712,20230811,20230810,1.87546035,1.87546035,34.44,807.54588183
sz300713,20230811,20230810,1.58719164,1.58719164,18.54,807.54588183
sz300716,20230811,20230810,1.6002,1.6002,13.14,807.54588183
sz300721,20230811,20230810,1.64846739,1.64846739,15.92,807.54588183
sz300722,20230811,20230810,2.306304,2.306304,25.11,807.54588183
sz300725,20230811,20230810,1.996645,1.996645,52.25,807.54588183
sz300727,20230811,20230810,1.27519089,1.27519089,23.91,807.54588183
sz300730,20230811,20230810,2.40529947,2.40529947,13.39,807.54588183
sz300731,20230811,20230810,1.26431804,1.26431804,18.88,807.54588183
sz300732,20230811,20230810,3.24314755,3.24314755,10.16,807.54588183
sz300739,20230811,20230810,2.98769726,2.98769726,13.76,807.54588183
sz300740,20230811,20230810,3.89464836,3.89464836,20.71,807.54588183
sz300741,20230811,20230810,6.1588,6.1588,22.87,807.54588183
sz300745,20230811,20230810,1.65137471,1.65137471,38.87,807.54588183
sz300746,20230811,20230810,2.25738328,2.25738328,11.03,807.54588183
sz300747,20230811,20230810,5.66619755,5.66619755,27.41,807.54588183
sz300748,20230811,20230810,11.41794851,11.41794851,18.24,807.54588183
sz300753,20230811,20230810,1.26048,1.26048,16.57,807.54588183
sz300757,20230811,20230810,1.10388986,1.10388986,70.18,807.54588183
sz300759,20230811,20230810,14.85195081,14.85195081,30.51,807.54588183
sz300760,20230811,20230810,12.12441394,12.12441394,270.21,807.54588183
sz300763,20230811,20230810,4.00847945,4.00847945,91.55,807.54588183
sz300766,20230811,20230810,4.001,4.001,16.05,807.54588183
sz300768,20230811,20230810,6.43829039,6.43829039,16.82,807.54588183
sz300769,20230811,20230810,2.79242297,2.79242297,118.65,807.54588183
sz300771,20230811,20230810,2.4,2.4,12.28,807.54588183
sz300772,20230811,20230810,7.02078355,7.02078355,12.87,807.54588183
sz300774,20230811,20230810,4.0876366,4.0876366,11.5,807.54588183
sz300776,20230811,20230810,2.73075781,2.73075781,59.55,807.54588183
sz300778,20230811,20230810,2.04411235,2.04411235,18.31,807.54588183
sz300780,20230811,20230810,1.4667,1.4667,15.45,807.54588183
sz300783,20230811,20230810,4.01,4.01,20.46,807.54588183
sz300785,20230811,20230810,1.98855243,1.98855243,24.52,807.54588183
sz300787,20230811,20230810,2.29495898,2.29495898,18.06,807.54588183
sz300788,20230811,20230810,1.90151515,1.90151515,29.85,807.54588183
sz300800,20230811,20230810,2.384,2.384,13.28,807.54588183
sz300807,20230811,20230810,0.67851,0.67851,29.38,807.54588183
sz300809,20230811,20230810,2.52176,2.52176,21.08,807.54588183
sz300810,20230811,20230810,1.1805,1.1805,19.82,807.54588183
sz300812,20230811,20230810,1.40257029,1.40257029,21.62,807.54588183
sz300813,20230811,20230810,1.08678859,1.08678859,27.14,807.54588183
sz300814,20230811,20230810,1.75796,1.75796,26.45,807.54588183
sz300816,20230811,20230810,0.8,0.8,25.89,807.54588183
sz300817,20230811,20230810,1.74638592,1.74638592,15.2,807.54588183
sz300820,20230811,20230810,2.16114411,2.16114411,70.2,807.54588183
sz300826,20230811,20230810,1.456,1.456,14.62,807.54588183
sz300828,20230811,20230810,1.659,1.659,14.57,807.54588183
sz300835,20230811,20230810,1.20139,1.20139,29.4,807.54588183
sz300839,20230811,20230810,2.45460379,2.45460379,11.78,807.54588183
sz300844,20230811,20230810,0.6464,0.6464,48.32,807.54588183
sz300846,20230811,20230810,4.66822836,4.66822836,13.37,807.54588183
sz300850,20230811,20230810,3.29709084,3.29709084,33.27,807.54588183
sz300852,20230811,20230810,1.0193076,1.0193076,37.88,807.54588183
sz300857,20230811,20230810,2.43801046,2.43801046,24.96,807.54588183
sz300858,20230811,20230810,2.63495118,2.63495118,18.21,807.54588183
sz300864,20230811,20230810,1.5504,1.5504,22.71,807.54588183
sz300868,20230811,20230810,1.28,1.28,19.48,807.54588183
sz300869,20230811,20230810,4.01802664,4.01802664,23.38,807.54588183
sz300872,20230811,20230810,4.04427654,4.04427654,15.99,807.54588183
sz300875,20230811,20230810,0.99834751,0.99834751,35.7,807.54588183
sz300879,20230811,20230810,1.6,1.6,17.45,807.54588183
sz300882,20230811,20230810,2.0442942,2.0442942,23.58,807.54588183
sz300884,20230811,20230810,2.52,2.52,11.32,807.54588183
sz300890,20230811,20230810,1.07839341,1.07839341,39.37,807.54588183
sz300892,20230811,20230810,1,1,28.9,807.54588183
sz300893,20230811,20230810,2.256,2.256,22.34,807.54588183
sz300894,20230811,20230810,4.08769577,4.08769577,23.64,807.54588183
sz300895,20230811,20230810,1.40800657,1.40800657,32.7,807.54588183
sz300896,20230811,20230810,2.1636,2.1636,450.81,807.54588183
sz300901,20230811,20230810,2.4,2.4,10.51,807.54588183
sz300911,20230811,20230810,1.073982,1.073982,37.92,807.54588183
sz300912,20230811,20230810,1.15022,1.15022,19.09,807.54588183
sz300913,20230811,20230810,2.58169548,2.58169548,34.26,807.54588183
sz300916,20230811,20230810,1.44482562,1.44482562,27.7,807.54588183
sz300919,20230811,20230810,6.70633576,6.70633576,62.26,807.54588183
sz300921,20230811,20230810,1.3155777,1.3155777,24.9,807.54588183
sz300925,20230811,20230810,3.74789534,3.74789534,14.76,807.54588183
sz300928,20230811,20230810,0.8,0.8,45.28,807.54588183
sz300935,20230811,20230810,0.7943068,0.7943068,30.1,807.54588183
sz300936,20230811,20230810,0.752,0.752,33.98,807.54588183
sz300937,20230811,20230810,0.95666682,0.95666682,32.27,807.54588183
sz300939,20230811,20230810,1.2,1.2,34.82,807.54588183
sz300941,20230811,20230810,2.0475,2.0475,23.21,807.54588183
sz300943,20230811,20230810,2.0382,2.0382,15.54,807.54588183
sz300945,20230811,20230810,2.61746864,2.61746864,14.73,807.54588183
sz300946,20230811,20230810,1.20006,1.20006,34.42,807.54588183
sz300947,20230811,20230810,1.53603596,1.53603596,16.27,807.54588183
sz300948,20230811,20230810,1.4001,1.4001,14.69,807.54588183
sz300949,20230811,20230810,0.6,0.6,38.23,807.54588183
sz300950,20230811,20230810,1.5,1.5,19.72,807.54588183
sz300951,20230811,20230810,1.20672,1.20672,48.49,807.54588183
sz300953,20230811,20230810,1.0278285,1.0278285,70.77,807.54588183
sz300956,20230811,20230810,1.32000792,1.32000792,15.92,807.54588183
sz300959,20230811,20230810,0.8,0.8,38.76,807.54588183
sz300961,20230811,20230810,1.7728,1.7728,11.09,807.54588183
sz300962,20230811,20230810,2.64001897,2.64001897,16.9,807.54588183
sz300963,20230811,20230810,2.34,2.34,13.09,807.54588183
sz300966,20230811,20230810,1.15277446,1.15277446,22.73,807.54588183
sz300969,20230811,20230810,0.8,0.8,74.46,807.54588183
sz300971,20230811,20230810,0.84,0.84,23.64,807.54588183
sz300978,20230811,20230810,4.22702739,4.22702739,12.39,807.54588183
sz300981,20230811,20230810,3.900078,3.900078,14.87,807.54588183
sz300987,20230811,20230810,1.73368,1.73368,18.11,807.54588183
sz300989,20230811,20230810,1.62891,1.62891,22.2,807.54588183
sz300990,20230811,20230810,1.6848,1.6848,43.87,807.54588183
sz300991,20230811,20230810,1.44,1.44,15.68,807.54588183
sz300994,20230811,20230810,2.33088,2.33088,14.98,807.54588183
sz300997,20230811,20230810,4.5,4.5,14.29,807.54588183
sz300999,20230811,20230810,54.21591536,54.21591536,42,807.54588183
sz301001,20230811,20230810,0.8,0.8,26.38,807.54588183
sz301007,20230811,20230810,1.5334,1.5334,16.52,807.54588183
sz301010,20230811,20230810,1.08,1.08,19.79,807.54588183
sz301011,20230811,20230810,1.46692,1.46692,22.05,807.54588183
sz301012,20230811,20230810,1.4249019,1.4249019,23.88,807.54588183
sz301016,20230811,20230810,1.2,1.2,23.66,807.54588183
sz301017,20230811,20230810,4.05340206,4.05340206,18.95,807.54588183
sz301020,20230811,20230810,1.464,1.464,20.68,807.54588183
sz301021,20230811,20230810,1.51511482,1.51511482,24.92,807.54588183
sz301022,20230811,20230810,0.832,0.832,31.26,807.54588183
sz301025,20230811,20230810,4.003094,4.003094,12.48,807.54588183
sz301027,20230811,20230810,1.482914,1.482914,12.94,807.54588183
sz301029,20230811,20230810,5.7781152,5.7781152,37.07,807.54588183
sz301041,20230811,20230810,1.0668,1.0668,26.8,807.54588183
sz301046,20230811,20230810,1.49697,1.49697,29.83,807.54588183
sz301047,20230811,20230810,1.292,1.292,90.5,807.54588183
sz301048,20230811,20230810,5.333334,5.333334,11.27,807.54588183
sz301049,20230811,20230810,0.94253334,0.94253334,23.25,807.54588183
sz301050,20230811,20230810,1.7424,1.7424,60.41,807.54588183
sz301058,20230811,20230810,5.12274245,5.12274245,14.04,807.54588183
sz301060,20230811,20230810,4.00517,4.00517,15.74,807.54588183
sz301069,20230811,20230810,4.2064,4.2064,23.5,807.54588183
sz301071,20230811,20230810,2.60272313,2.60272313,38.73,807.54588183
sz301072,20230811,20230810,1.050548,1.050548,25.23,807.54588183
sz301080,20230811,20230810,1.2,1.2,67.94,807.54588183
sz301082,20230811,20230810,1.6164941,1.6164941,16.58,807.54588183
sz301083,20230811,20230810,1.77866667,1.77866667,17.25,807.54588183
sz301085,20230811,20230810,0.8,0.8,59.29,807.54588183
sz301086,20230811,20230810,0.9,0.9,44.9,807.54588183
sz301088,20230811,20230810,2.28,2.28,17.9,807.54588183
sz301089,20230811,20230810,1.26,1.26,64.71,807.54588183
sz301090,20230811,20230810,14.86358853,14.86358853,10.73,807.54588183
sz301092,20230811,20230810,1.33693484,1.33693484,26.63,807.54588183
sz301095,20230811,20230810,2,2,69.29,807.54588183
sz301098,20230811,20230810,1.584,1.584,12.44,807.54588183
sz301099,20230811,20230810,0.8,0.8,50.05,807.54588183
sz301107,20230811,20230810,0.734,0.734,30.22,807.54588183
sz301109,20230811,20230810,4.1001,4.1001,16.52,807.54588183
sz301110,20230811,20230810,0.66666667,0.66666667,47.95,807.54588183
sz301111,20230811,20230810,1.6,1.6,20.07,807.54588183
sz301112,20230811,20230810,1.102666,1.102666,31.13,807.54588183
sz301117,20230811,20230810,0.922633,0.922633,53.03,807.54588183
sz301118,20230811,20230810,1.0667,1.0667,26.68,807.54588183
sz301119,20230811,20230810,1.04,1.04,26.5,807.54588183
sz301120,20230811,20230810,3.71441055,3.71441055,13.56,807.54588183
sz301121,20230811,20230810,0.70803184,0.70803184,43.08,807.54588183
sz301123,20230811,20230810,2.336,2.336,23.81,807.54588183
sz301125,20230811,20230810,1.0136,1.0136,18.83,807.54588183
sz301128,20230811,20230810,0.73886622,0.73886622,31.71,807.54588183
sz301132,20230811,20230810,1.4747,1.4747,28.13,807.54588183
sz301133,20230811,20230810,1.06096616,1.06096616,25.59,807.54588183
sz301135,20230811,20230810,1.025695,1.025695,23.6,807.54588183
sz301136,20230811,20230810,2.7520482,2.7520482,14.76,807.54588183
sz301137,20230811,20230810,1.818134,1.818134,15.24,807.54588183
sz301138,20230811,20230810,1.2,1.2,33.34,807.54588183
sz301139,20230811,20230810,1.215808,1.215808,26.84,807.54588183
sz301141,20230811,20230810,0.88594718,0.88594718,74.96,807.54588183
sz301150,20230811,20230810,1.3132699,1.3132699,44.35,807.54588183
sz301152,20230811,20230810,1.21982307,1.21982307,51.77,807.54588183
sz301155,20230811,20230810,2.17391478,2.17391478,66.34,807.54588183
sz301158,20230811,20230810,1.5037051,1.5037051,18.41,807.54588183
sz301159,20230811,20230810,0.7735,0.7735,44.1,807.54588183
sz301167,20230811,20230810,1.12,1.12,18.32,807.54588183
sz301169,20230811,20230810,0.72239774,0.72239774,42.63,807.54588183
sz301171,20230811,20230810,4.71885905,4.71885905,20.25,807.54588183
sz301177,20230811,20230810,4.0001,4.0001,36.75,807.54588183
sz301178,20230811,20230810,0.659568,0.659568,31.68,807.54588183
sz301179,20230811,20230810,2.376,2.376,29.08,807.54588183
sz301180,20230811,20230810,4.0001,4.0001,16.83,807.54588183
sz301181,20230811,20230810,1.17,1.17,29.54,807.54588183
sz301183,20230811,20230810,0.8,0.8,49.48,807.54588183
sz301185,20230811,20230810,1.534176,1.534176,26.48,807.54588183
sz301186,20230811,20230810,0.72758822,0.72758822,37.17,807.54588183
sz301191,20230811,20230810,0.69342,0.69342,87.11,807.54588183
sz301192,20230811,20230810,0.999,0.999,26.7,807.54588183
sz301195,20230811,20230810,1.3152174,1.3152174,43.14,807.54588183
sz301199,20230811,20230810,1.3334,1.3334,26.51,807.54588183
sz301200,20230811,20230810,4.2,4.2,39.14,807.54588183
sz301201,20230811,20230810,1.54713824,1.54713824,28.2,807.54588183
sz301203,20230811,20230810,0.8,0.8,41.18,807.54588183
sz301205,20230811,20230810,1.29744,1.29744,110,807.54588183
sz301208,20230811,20230810,1.0000005,1.0000005,47.5,807.54588183
sz301211,20230811,20230810,2.88,2.88,24.49,807.54588183
sz301212,20230811,20230810,1.08,1.08,34.4,807.54588183
sz301213,20230811,20230810,0.79999999,0.79999999,43.94,807.54588183
sz301216,20230811,20230810,5.150931,5.150931,15.87,807.54588183
sz301218,20230811,20230810,1.1404,1.1404,38,807.54588183
sz301219,20230811,20230810,2.94717182,2.94717182,39.15,807.54588183
sz301221,20230811,20230810,0.926223,0.926223,57.99,807.54588183
sz301226,20230811,20230810,1.088,1.088,24,807.54588183
sz301227,20230811,20230810,0.948,0.948,31.19,807.54588183
sz301229,20230811,20230810,0.8,0.8,32.18,807.54588183
sz301230,20230811,20230810,1.07622666,1.07622666,46.99,807.54588183
sz301231,20230811,20230810,0.844,0.844,33.74,807.54588183
sz301233,20230811,20230810,0.5147,0.5147,39.96,807.54588183
sz301236,20230811,20230810,9.52941177,9.52941177,24.45,807.54588183
sz301238,20230811,20230810,7.333333,7.333333,20.58,807.54588183
sz301248,20230811,20230810,1.53705,1.53705,21.16,807.54588183
sz301255,20230811,20230810,1.088,1.088,43.05,807.54588183
sz301260,20230811,20230810,4.86161968,4.86161968,22.33,807.54588183
sz301265,20230811,20230810,3.02973182,3.02973182,12.45,807.54588183
sz301276,20230811,20230810,1.08,1.08,27.4,807.54588183
sz301277,20230811,20230810,2.0004,2.0004,22.48,807.54588183
sz301278,20230811,20230810,0.832,0.832,57.28,807.54588183
sz301282,20230811,20230810,1.51139968,1.51139968,27.44,807.54588183
sz301285,20230811,20230810,2.0667,2.0667,13.67,807.54588183
sz301298,20230811,20230810,1.468,1.468,15.6,807.54588183
sz301299,20230811,20230810,0.6,0.6,77.96,807.54588183
sz301303,20230811,20230810,2.92,2.92,24.6,807.54588183
sz301308,20230811,20230810,4.12864254,4.12864254,79.96,807.54588183
sz301311,20230811,20230810,2.4,2.4,25.07,807.54588183
sz301312,20230811,20230810,0.62576643,0.62576643,83.15,807.54588183
sz301313,20230811,20230810,1.023334,1.023334,41.67,807.54588183
sz301316,20230811,20230810,4.0001,4.0001,34.95,807.54588183
sz301318,20230811,20230810,1.04118,1.04118,33.03,807.54588183
sz301326,20230811,20230810,0.72192828,0.72192828,38.01,807.54588183
sz301327,20230811,20230810,1.248,1.248,79.67,807.54588183
sz301330,20230811,20230810,1.93039666,1.93039666,32.88,807.54588183
sz301336,20230811,20230810,0.4,0.4,47.77,807.54588183
sz301338,20230811,20230810,1.064,1.064,40.2,807.54588183
sz301339,20230811,20230810,4.07,4.07,23.28,807.54588183
sz301345,20230811,20230810,1.093336,1.093336,50.64,807.54588183
sz301349,20230811,20230810,1.02,1.02,61.26,807.54588183
sz301357,20230811,20230810,0.68,0.68,56.08,807.54588183
sz301358,20230811,20230810,7.5725307,7.5725307,44,807.54588183
sz301361,20230811,20230810,1.16336,1.16336,26.04,807.54588183
sz301365,20230811,20230810,1.8,1.8,17.63,807.54588183
sz301366,20230811,20230810,1.50000001,1.50000001,36.85,807.54588183
sz301368,20230811,20230810,1.201,1.201,44.88,807.54588183
sz301369,20230811,20230810,0.69600268,0.69600268,73.33,807.54588183
sz301373,20230811,20230810,1.08472091,1.08472091,35.06,807.54588183
sz301377,20230811,20230810,4.1,4.1,20.67,807.54588183
sz301378,20230811,20230810,0.69,0.69,62.56,807.54588183
sz301379,20230811,20230810,1.0134,1.0134,34,807.54588183
sz301380,20230811,20230810,0.68,0.68,49.52,807.54588183
sz301386,20230811,20230810,1.4,1.4,30.21,807.54588183
sz301387,20230811,20230810,0.76,0.76,50.13,807.54588183
sz301388,20230811,20230810,1.024476,1.024476,27.54,807.54588183
sz301396,20230811,20230810,1.09655391,1.09655391,35.65,807.54588183
sz301398,20230811,20230810,0.8,0.8,69.54,807.54588183
sz301408,20230811,20230810,4.0001,4.0001,18.62,807.54588183
sz301419,20230811,20230810,1,1,39.63,807.54588183
sz301429,20230811,20230810,1.1822,1.1822,26.89,807.54588183
sz301439,20230811,20230810,3.89101809,3.89101809,18.43,807.54588183
